{
  "EVE": {
    "n_en": 2091,
    "n_ja": 1854,
    "think_leak": {
      "en": {
        "rate": 0.1908,
        "ci_lo": 0.1745,
        "ci_hi": 0.2082
      },
      "ja": {
        "rate": 0.7589,
        "ci_lo": 0.7389,
        "ci_hi": 0.7778
      },
      "OR": 0.0749,
      "p": 4.1038230111646076e-296
    },
    "json_valid": {
      "en": {
        "rate": 0.7088,
        "ci_lo": 0.6889,
        "ci_hi": 0.7278
      },
      "ja": {
        "rate": 0.0939,
        "ci_lo": 0.0814,
        "ci_hi": 0.108
      },
      "OR": 23.4958,
      "p": 0.0
    }
  },
  "Zorya": {
    "n_en": 206,
    "n_ja": 186,
    "think_leak": {
      "en": {
        "rate": 0.1845,
        "ci_lo": 0.1374,
        "ci_hi": 0.243
      },
      "ja": {
        "rate": 0.7366,
        "ci_lo": 0.6689,
        "ci_hi": 0.7946
      },
      "OR": 0.0809,
      "p": 3.7674130215206754e-29
    },
    "json_valid": {
      "en": {
        "rate": 0.7184,
        "ci_lo": 0.6535,
        "ci_hi": 0.7754
      },
      "ja": {
        "rate": 0.1075,
        "ci_lo": 0.0707,
        "ci_hi": 0.1602
      },
      "OR": 21.1793,
      "p": 8.946415253000278e-37
    }
  },
  "MI300X": {
    "n_en": 737,
    "n_ja": 502,
    "think_leak": {
      "en": {
        "rate": 0.1845,
        "ci_lo": 0.1582,
        "ci_hi": 0.2141
      },
      "ja": {
        "rate": 0.6534,
        "ci_lo": 0.6107,
        "ci_hi": 0.6937
      },
      "OR": 0.12,
      "p": 7.533659912430504e-64
    },
    "json_valid": {
      "en": {
        "rate": 0.7178,
        "ci_lo": 0.6842,
        "ci_hi": 0.7491
      },
      "ja": {
        "rate": 0.0618,
        "ci_lo": 0.0438,
        "ci_hi": 0.0863
      },
      "OR": 38.6413,
      "p": 3.8426272635519334e-131
    }
  }
}